order_id,created_at,payment_date,payment_method,payment_status,shipping_status,shipping_status_date,total,user_id,product_id,quantity
order_1,2023-09-09,2023-01-11,boleto,pago,enviado,2023-05-27,239337.0,user_270,prod_77,3
order_1,2023-09-09,2023-01-11,boleto,pago,enviado,2023-05-27,239337.0,user_270,prod_39,1
order_1,2023-09-09,2023-01-11,boleto,pago,enviado,2023-05-27,239337.0,user_270,prod_58,2
order_1,2023-09-09,2023-01-11,boleto,pago,enviado,2023-05-27,239337.0,user_270,prod_26,1
order_10,2023-06-26,,,pendente,enviado,2023-05-24,247036.0,user_746,prod_93,2
order_10,2023-06-26,,,pendente,enviado,2023-05-24,247036.0,user_746,prod_80,1
order_10,2023-06-26,,,pendente,enviado,2023-05-24,247036.0,user_746,prod_91,2
order_100,2023-06-11,2023-07-27,débito,pago,enviado,2023-08-31,42656.0,user_946,prod_58,2
order_101,2023-06-09,,,não pago,enviado,2023-09-07,233215.0,user_117,prod_20,1
order_102,2023-07-02,,,não pago,preparando envio,2023-12-23,129901.0,user_109,prod_80,3
order_103,2023-06-13,,,pendente,aguardando pagamento,2023-04-08,86916.0,user_455,prod_78,2
order_104,2023-02-22,2023-04-12,débito,pago,entregue,2023-07-24,47774.0,user_153,prod_69,3
order_104,2023-02-22,2023-04-12,débito,pago,entregue,2023-07-24,47774.0,user_153,prod_86,3
order_104,2023-02-22,2023-04-12,débito,pago,entregue,2023-07-24,47774.0,user_153,prod_96,3
order_105,2023-05-21,2023-03-14,pix,pago,preparando envio,2023-10-01,164705.0,user_87,prod_90,3
order_105,2023-05-21,2023-03-14,pix,pago,preparando envio,2023-10-01,164705.0,user_87,prod_14,2
order_106,2023-12-03,,,não pago,preparando envio,2023-05-16,121729.0,user_872,prod_26,1
order_106,2023-12-03,,,não pago,preparando envio,2023-05-16,121729.0,user_872,prod_74,2
order_106,2023-12-03,,,não pago,preparando envio,2023-05-16,121729.0,user_872,prod_67,3
order_107,2023-03-11,,,pendente,entregue,2023-06-24,90639.0,user_623,prod_86,3
order_108,2023-04-19,,,pendente,enviado,2023-04-21,43674.0,user_413,prod_70,1
order_108,2023-04-19,,,pendente,enviado,2023-04-21,43674.0,user_413,prod_10,1
order_109,2023-11-07,2023-11-14,dinheiro,pago,enviado,2023-08-19,71968.0,user_796,prod_83,2
order_109,2023-11-07,2023-11-14,dinheiro,pago,enviado,2023-08-19,71968.0,user_796,prod_73,2
order_109,2023-11-07,2023-11-14,dinheiro,pago,enviado,2023-08-19,71968.0,user_796,prod_86,2
order_109,2023-11-07,2023-11-14,dinheiro,pago,enviado,2023-08-19,71968.0,user_796,prod_2,1
order_11,2023-01-15,,,pendente,enviado,2023-05-11,34053.0,user_671,prod_16,1
order_11,2023-01-15,,,pendente,enviado,2023-05-11,34053.0,user_671,prod_61,3
order_110,2023-03-15,2023-08-05,crédito,pago,entregue,2023-09-13,167463.0,user_11,prod_68,2
order_110,2023-03-15,2023-08-05,crédito,pago,entregue,2023-09-13,167463.0,user_11,prod_17,2
order_111,2023-02-24,2023-12-06,boleto,pago,entregue,2023-06-19,97343.0,user_108,prod_26,2
order_112,2023-11-20,2023-09-12,dinheiro,pago,entregue,2023-10-17,143695.0,user_957,prod_78,2
order_112,2023-11-20,2023-09-12,dinheiro,pago,entregue,2023-10-17,143695.0,user_957,prod_16,3
order_112,2023-11-20,2023-09-12,dinheiro,pago,entregue,2023-10-17,143695.0,user_957,prod_100,1
order_113,2023-10-14,,,pendente,preparando envio,2023-05-24,210816.0,user_606,prod_26,2
order_113,2023-10-14,,,pendente,preparando envio,2023-05-24,210816.0,user_606,prod_93,2
order_113,2023-10-14,,,pendente,preparando envio,2023-05-24,210816.0,user_606,prod_74,3
order_113,2023-10-14,,,pendente,preparando envio,2023-05-24,210816.0,user_606,prod_62,2
order_114,2023-05-28,,,não pago,aguardando pagamento,2023-04-09,180523.0,user_655,prod_63,1
order_114,2023-05-28,,,não pago,aguardando pagamento,2023-04-09,180523.0,user_655,prod_95,1
order_114,2023-05-28,,,não pago,aguardando pagamento,2023-04-09,180523.0,user_655,prod_32,2
order_115,2023-10-05,2023-09-04,débito,pago,aguardando pagamento,2023-09-24,38597.0,user_964,prod_89,3
order_115,2023-10-05,2023-09-04,débito,pago,aguardando pagamento,2023-09-24,38597.0,user_964,prod_12,3
order_115,2023-10-05,2023-09-04,débito,pago,aguardando pagamento,2023-09-24,38597.0,user_964,prod_17,2
order_116,2023-10-31,,,pendente,preparando envio,2023-01-13,230156.0,user_954,prod_62,2
order_116,2023-10-31,,,pendente,preparando envio,2023-01-13,230156.0,user_954,prod_76,1
order_117,2023-05-28,2023-01-14,crédito,pago,aguardando pagamento,2023-01-29,52178.0,user_908,prod_96,3
order_117,2023-05-28,2023-01-14,crédito,pago,aguardando pagamento,2023-01-29,52178.0,user_908,prod_51,2
order_117,2023-05-28,2023-01-14,crédito,pago,aguardando pagamento,2023-01-29,52178.0,user_908,prod_50,3
order_117,2023-05-28,2023-01-14,crédito,pago,aguardando pagamento,2023-01-29,52178.0,user_908,prod_82,2
order_118,2023-01-24,,,não pago,entregue,2023-01-01,239871.0,user_190,prod_26,3
order_118,2023-01-24,,,não pago,entregue,2023-01-01,239871.0,user_190,prod_2,2
order_118,2023-01-24,,,não pago,entregue,2023-01-01,239871.0,user_190,prod_65,3
order_119,2023-04-15,,,não pago,enviado,2023-08-10,85022.0,user_987,prod_80,2
order_119,2023-04-15,,,não pago,enviado,2023-08-10,85022.0,user_987,prod_40,3
order_119,2023-04-15,,,não pago,enviado,2023-08-10,85022.0,user_987,prod_60,3
order_12,2023-01-27,2023-04-02,dinheiro,pago,preparando envio,2023-06-28,282057.0,user_177,prod_41,1
order_12,2023-01-27,2023-04-02,dinheiro,pago,preparando envio,2023-06-28,282057.0,user_177,prod_4,3
order_120,2023-08-30,,,pendente,preparando envio,2023-11-27,277324.0,user_986,prod_64,3
order_120,2023-08-30,,,pendente,preparando envio,2023-11-27,277324.0,user_986,prod_48,2
order_120,2023-08-30,,,pendente,preparando envio,2023-11-27,277324.0,user_986,prod_91,2
order_121,2023-09-13,,,não pago,preparando envio,2023-11-24,201906.0,user_105,prod_9,3
order_121,2023-09-13,,,não pago,preparando envio,2023-11-24,201906.0,user_105,prod_10,2
order_121,2023-09-13,,,não pago,preparando envio,2023-11-24,201906.0,user_105,prod_32,3
order_121,2023-09-13,,,não pago,preparando envio,2023-11-24,201906.0,user_105,prod_33,3
order_122,2023-01-03,,,não pago,entregue,2023-10-03,94500.0,user_230,prod_28,3
order_122,2023-01-03,,,não pago,entregue,2023-10-03,94500.0,user_230,prod_22,3
order_123,2023-04-26,,,pendente,aguardando pagamento,2023-12-19,147103.0,user_860,prod_95,2
order_123,2023-04-26,,,pendente,aguardando pagamento,2023-12-19,147103.0,user_860,prod_27,1
order_123,2023-04-26,,,pendente,aguardando pagamento,2023-12-19,147103.0,user_860,prod_38,2
order_123,2023-04-26,,,pendente,aguardando pagamento,2023-12-19,147103.0,user_860,prod_40,2
order_124,2023-02-02,,,pendente,preparando envio,2023-08-23,13616.0,user_78,prod_44,1
order_124,2023-02-02,,,pendente,preparando envio,2023-08-23,13616.0,user_78,prod_90,1
order_124,2023-02-02,,,pendente,preparando envio,2023-08-23,13616.0,user_78,prod_58,3
order_124,2023-02-02,,,pendente,preparando envio,2023-08-23,13616.0,user_78,prod_61,1
order_125,2023-06-21,2023-06-05,débito,pago,entregue,2023-03-28,212332.0,user_737,prod_97,1
order_125,2023-06-21,2023-06-05,débito,pago,entregue,2023-03-28,212332.0,user_737,prod_66,1
order_125,2023-06-21,2023-06-05,débito,pago,entregue,2023-03-28,212332.0,user_737,prod_80,2
order_126,2023-07-22,2023-03-14,crédito,pago,entregue,2023-04-08,44375.0,user_117,prod_100,1
order_126,2023-07-22,2023-03-14,crédito,pago,entregue,2023-04-08,44375.0,user_117,prod_62,2
order_127,2023-10-02,2023-04-19,crédito,pago,enviado,2023-05-05,284857.0,user_535,prod_63,2
order_127,2023-10-02,2023-04-19,crédito,pago,enviado,2023-05-05,284857.0,user_535,prod_68,2
order_127,2023-10-02,2023-04-19,crédito,pago,enviado,2023-05-05,284857.0,user_535,prod_80,3
order_128,2023-07-17,,,não pago,enviado,2023-03-19,237073.0,user_28,prod_55,2
order_128,2023-07-17,,,não pago,enviado,2023-03-19,237073.0,user_28,prod_65,1
order_128,2023-07-17,,,não pago,enviado,2023-03-19,237073.0,user_28,prod_44,1
order_128,2023-07-17,,,não pago,enviado,2023-03-19,237073.0,user_28,prod_72,2
order_129,2023-11-13,,,pendente,aguardando pagamento,2023-10-23,86115.0,user_423,prod_48,2
order_129,2023-11-13,,,pendente,aguardando pagamento,2023-10-23,86115.0,user_423,prod_86,2
order_129,2023-11-13,,,pendente,aguardando pagamento,2023-10-23,86115.0,user_423,prod_31,1
order_13,2023-12-14,,,não pago,preparando envio,2023-05-26,103239.0,user_580,prod_67,1
order_130,2023-03-15,2023-09-20,débito,pago,preparando envio,2023-12-10,264813.0,user_992,prod_28,3
order_131,2023-09-22,2023-11-13,pix,pago,enviado,2023-04-19,65875.0,user_24,prod_55,3
order_131,2023-09-22,2023-11-13,pix,pago,enviado,2023-04-19,65875.0,user_24,prod_46,1
order_132,2023-05-12,,,não pago,entregue,2023-10-30,228571.0,user_989,prod_48,1
order_132,2023-05-12,,,não pago,entregue,2023-10-30,228571.0,user_989,prod_50,3
order_132,2023-05-12,,,não pago,entregue,2023-10-30,228571.0,user_989,prod_82,2
order_132,2023-05-12,,,não pago,entregue,2023-10-30,228571.0,user_989,prod_85,2
order_133,2023-02-11,2023-12-04,débito,pago,preparando envio,2023-07-15,241481.0,user_799,prod_37,2
order_134,2023-10-02,2023-05-27,boleto,pago,enviado,2023-01-28,198141.0,user_87,prod_7,1
order_134,2023-10-02,2023-05-27,boleto,pago,enviado,2023-01-28,198141.0,user_87,prod_70,2
order_134,2023-10-02,2023-05-27,boleto,pago,enviado,2023-01-28,198141.0,user_87,prod_49,3
order_135,2023-02-07,2023-06-17,boleto,pago,entregue,2023-09-01,269766.0,user_4,prod_44,2
order_135,2023-02-07,2023-06-17,boleto,pago,entregue,2023-09-01,269766.0,user_4,prod_59,2
order_135,2023-02-07,2023-06-17,boleto,pago,entregue,2023-09-01,269766.0,user_4,prod_73,2
order_135,2023-02-07,2023-06-17,boleto,pago,entregue,2023-09-01,269766.0,user_4,prod_1,2
order_136,2023-03-18,2023-12-13,dinheiro,pago,aguardando pagamento,2023-10-02,158421.0,user_219,prod_88,2
order_136,2023-03-18,2023-12-13,dinheiro,pago,aguardando pagamento,2023-10-02,158421.0,user_219,prod_79,1
order_137,2023-04-16,2023-10-27,boleto,pago,entregue,2023-12-14,138774.0,user_524,prod_10,2
order_137,2023-04-16,2023-10-27,boleto,pago,entregue,2023-12-14,138774.0,user_524,prod_86,2
order_137,2023-04-16,2023-10-27,boleto,pago,entregue,2023-12-14,138774.0,user_524,prod_15,3
order_137,2023-04-16,2023-10-27,boleto,pago,entregue,2023-12-14,138774.0,user_524,prod_53,3
order_138,2023-07-31,,,não pago,aguardando pagamento,2023-02-13,279950.0,user_602,prod_80,2
order_138,2023-07-31,,,não pago,aguardando pagamento,2023-02-13,279950.0,user_602,prod_31,1
order_138,2023-07-31,,,não pago,aguardando pagamento,2023-02-13,279950.0,user_602,prod_39,2
order_139,2023-04-01,,,não pago,enviado,2023-08-20,160061.0,user_519,prod_55,3
order_14,2023-08-16,,,não pago,preparando envio,2023-08-02,117136.0,user_754,prod_72,3
order_14,2023-08-16,,,não pago,preparando envio,2023-08-02,117136.0,user_754,prod_44,3
order_140,2023-10-09,,,não pago,enviado,2023-12-01,156489.0,user_282,prod_8,2
order_140,2023-10-09,,,não pago,enviado,2023-12-01,156489.0,user_282,prod_71,1
order_140,2023-10-09,,,não pago,enviado,2023-12-01,156489.0,user_282,prod_39,3
order_140,2023-10-09,,,não pago,enviado,2023-12-01,156489.0,user_282,prod_60,1
order_141,2023-03-15,,,pendente,entregue,2023-02-20,52830.0,user_402,prod_98,3
order_141,2023-03-15,,,pendente,entregue,2023-02-20,52830.0,user_402,prod_97,2
order_141,2023-03-15,,,pendente,entregue,2023-02-20,52830.0,user_402,prod_5,2
order_142,2023-08-24,,,não pago,entregue,2023-01-20,202364.0,user_459,prod_91,2
order_142,2023-08-24,,,não pago,entregue,2023-01-20,202364.0,user_459,prod_62,1
order_142,2023-08-24,,,não pago,entregue,2023-01-20,202364.0,user_459,prod_93,3
order_142,2023-08-24,,,não pago,entregue,2023-01-20,202364.0,user_459,prod_19,2
order_143,2023-03-02,2023-12-03,boleto,pago,aguardando pagamento,2023-03-31,298676.0,user_519,prod_98,2
order_143,2023-03-02,2023-12-03,boleto,pago,aguardando pagamento,2023-03-31,298676.0,user_519,prod_94,2
order_143,2023-03-02,2023-12-03,boleto,pago,aguardando pagamento,2023-03-31,298676.0,user_519,prod_88,3
order_144,2023-10-24,,,pendente,entregue,2023-05-19,80721.0,user_967,prod_71,2
order_145,2023-01-22,2023-10-27,débito,pago,enviado,2023-12-11,79784.0,user_306,prod_46,2
order_146,2023-05-31,,,não pago,enviado,2023-07-03,289860.0,user_286,prod_88,1
order_146,2023-05-31,,,não pago,enviado,2023-07-03,289860.0,user_286,prod_86,3
order_147,2023-01-05,,,pendente,preparando envio,2023-02-03,244996.0,user_328,prod_60,2
order_147,2023-01-05,,,pendente,preparando envio,2023-02-03,244996.0,user_328,prod_71,1
order_148,2023-12-23,,,não pago,entregue,2023-04-24,286097.0,user_215,prod_42,1
order_148,2023-12-23,,,não pago,entregue,2023-04-24,286097.0,user_215,prod_1,2
order_148,2023-12-23,,,não pago,entregue,2023-04-24,286097.0,user_215,prod_87,3
order_149,2023-06-05,2023-07-04,boleto,pago,aguardando pagamento,2023-10-17,12163.0,user_311,prod_56,3
order_149,2023-06-05,2023-07-04,boleto,pago,aguardando pagamento,2023-10-17,12163.0,user_311,prod_25,1
order_15,2023-08-27,,,não pago,enviado,2023-08-03,89390.0,user_289,prod_81,1
order_15,2023-08-27,,,não pago,enviado,2023-08-03,89390.0,user_289,prod_76,1
order_150,2023-08-24,,,pendente,entregue,2023-03-28,144401.0,user_712,prod_95,3
order_151,2023-07-19,,,pendente,aguardando pagamento,2023-07-23,156295.0,user_911,prod_44,3
order_151,2023-07-19,,,pendente,aguardando pagamento,2023-07-23,156295.0,user_911,prod_69,2
order_151,2023-07-19,,,pendente,aguardando pagamento,2023-07-23,156295.0,user_911,prod_19,1
order_151,2023-07-19,,,pendente,aguardando pagamento,2023-07-23,156295.0,user_911,prod_5,3
order_152,2023-06-08,,,não pago,aguardando pagamento,2023-02-12,97646.0,user_916,prod_61,2
order_152,2023-06-08,,,não pago,aguardando pagamento,2023-02-12,97646.0,user_916,prod_10,2
order_152,2023-06-08,,,não pago,aguardando pagamento,2023-02-12,97646.0,user_916,prod_63,3
order_152,2023-06-08,,,não pago,aguardando pagamento,2023-02-12,97646.0,user_916,prod_5,1
order_153,2023-07-17,2023-03-06,crédito,pago,enviado,2023-05-16,146041.0,user_65,prod_32,1
order_153,2023-07-17,2023-03-06,crédito,pago,enviado,2023-05-16,146041.0,user_65,prod_98,1
order_153,2023-07-17,2023-03-06,crédito,pago,enviado,2023-05-16,146041.0,user_65,prod_66,1
order_153,2023-07-17,2023-03-06,crédito,pago,enviado,2023-05-16,146041.0,user_65,prod_9,2
order_154,2023-02-25,,,pendente,enviado,2023-03-13,174213.0,user_40,prod_71,3
order_155,2023-07-25,2023-12-16,débito,pago,entregue,2023-03-08,243186.0,user_56,prod_91,2
order_156,2023-04-27,,,pendente,preparando envio,2023-09-19,188332.0,user_885,prod_23,3
order_156,2023-04-27,,,pendente,preparando envio,2023-09-19,188332.0,user_885,prod_93,3
order_157,2023-06-07,2023-11-24,dinheiro,pago,enviado,2023-02-03,240132.0,user_967,prod_60,2
order_157,2023-06-07,2023-11-24,dinheiro,pago,enviado,2023-02-03,240132.0,user_967,prod_52,3
order_157,2023-06-07,2023-11-24,dinheiro,pago,enviado,2023-02-03,240132.0,user_967,prod_63,1
order_158,2023-08-09,,,pendente,enviado,2023-08-07,57350.0,user_2,prod_72,2
order_158,2023-08-09,,,pendente,enviado,2023-08-07,57350.0,user_2,prod_51,1
order_158,2023-08-09,,,pendente,enviado,2023-08-07,57350.0,user_2,prod_80,1
order_159,2023-08-29,,,pendente,aguardando pagamento,2023-10-14,62782.0,user_95,prod_42,1
order_16,2023-06-10,,,pendente,aguardando pagamento,2023-04-21,23941.0,user_562,prod_94,2
order_160,2023-02-15,,,pendente,enviado,2023-06-23,101175.0,user_530,prod_66,3
order_160,2023-02-15,,,pendente,enviado,2023-06-23,101175.0,user_530,prod_38,1
order_160,2023-02-15,,,pendente,enviado,2023-06-23,101175.0,user_530,prod_80,1
order_161,2023-03-15,,,pendente,preparando envio,2023-04-28,98703.0,user_857,prod_21,3
order_162,2023-08-15,,,pendente,entregue,2023-05-24,231833.0,user_280,prod_92,2
order_162,2023-08-15,,,pendente,entregue,2023-05-24,231833.0,user_280,prod_26,3
order_162,2023-08-15,,,pendente,entregue,2023-05-24,231833.0,user_280,prod_3,3
order_163,2023-08-04,,,não pago,aguardando pagamento,2023-05-26,193362.0,user_243,prod_28,3
order_164,2023-03-25,2023-09-18,débito,pago,entregue,2023-01-11,268613.0,user_204,prod_66,3
order_164,2023-03-25,2023-09-18,débito,pago,entregue,2023-01-11,268613.0,user_204,prod_79,1
order_164,2023-03-25,2023-09-18,débito,pago,entregue,2023-01-11,268613.0,user_204,prod_22,2
order_165,2023-04-24,,,pendente,entregue,2023-06-29,173071.0,user_308,prod_2,3
order_165,2023-04-24,,,pendente,entregue,2023-06-29,173071.0,user_308,prod_29,1
order_165,2023-04-24,,,pendente,entregue,2023-06-29,173071.0,user_308,prod_40,3
order_165,2023-04-24,,,pendente,entregue,2023-06-29,173071.0,user_308,prod_68,1
order_166,2023-05-11,2023-01-01,boleto,pago,aguardando pagamento,2023-09-13,271833.0,user_801,prod_37,1
order_166,2023-05-11,2023-01-01,boleto,pago,aguardando pagamento,2023-09-13,271833.0,user_801,prod_6,3
order_167,2023-11-18,2023-07-24,dinheiro,pago,aguardando pagamento,2023-03-07,101701.0,user_92,prod_54,3
order_167,2023-11-18,2023-07-24,dinheiro,pago,aguardando pagamento,2023-03-07,101701.0,user_92,prod_21,2
order_167,2023-11-18,2023-07-24,dinheiro,pago,aguardando pagamento,2023-03-07,101701.0,user_92,prod_23,2
order_168,2023-06-12,,,pendente,aguardando pagamento,2023-01-16,154972.0,user_951,prod_62,3
order_168,2023-06-12,,,pendente,aguardando pagamento,2023-01-16,154972.0,user_951,prod_91,1
order_168,2023-06-12,,,pendente,aguardando pagamento,2023-01-16,154972.0,user_951,prod_21,3
order_168,2023-06-12,,,pendente,aguardando pagamento,2023-01-16,154972.0,user_951,prod_71,1
order_169,2023-05-25,2023-09-04,crédito,pago,aguardando pagamento,2023-01-23,217599.0,user_558,prod_49,1
order_169,2023-05-25,2023-09-04,crédito,pago,aguardando pagamento,2023-01-23,217599.0,user_558,prod_87,2
order_169,2023-05-25,2023-09-04,crédito,pago,aguardando pagamento,2023-01-23,217599.0,user_558,prod_8,2
order_17,2023-06-13,2023-08-15,pix,pago,aguardando pagamento,2023-12-14,273640.0,user_463,prod_35,2
order_17,2023-06-13,2023-08-15,pix,pago,aguardando pagamento,2023-12-14,273640.0,user_463,prod_2,2
order_17,2023-06-13,2023-08-15,pix,pago,aguardando pagamento,2023-12-14,273640.0,user_463,prod_68,3
order_17,2023-06-13,2023-08-15,pix,pago,aguardando pagamento,2023-12-14,273640.0,user_463,prod_80,3
order_170,2023-06-11,,,não pago,preparando envio,2023-07-06,119069.0,user_551,prod_16,1
order_170,2023-06-11,,,não pago,preparando envio,2023-07-06,119069.0,user_551,prod_69,2
order_170,2023-06-11,,,não pago,preparando envio,2023-07-06,119069.0,user_551,prod_42,1
order_170,2023-06-11,,,não pago,preparando envio,2023-07-06,119069.0,user_551,prod_25,2
order_171,2023-12-07,,,não pago,enviado,2023-01-24,105922.0,user_716,prod_46,3
order_171,2023-12-07,,,não pago,enviado,2023-01-24,105922.0,user_716,prod_58,1
order_172,2023-05-28,,,pendente,aguardando pagamento,2023-11-15,197936.0,user_30,prod_31,1
order_173,2023-12-06,,,não pago,aguardando pagamento,2023-11-11,82714.0,user_892,prod_38,2
order_173,2023-12-06,,,não pago,aguardando pagamento,2023-11-11,82714.0,user_892,prod_56,1
order_173,2023-12-06,,,não pago,aguardando pagamento,2023-11-11,82714.0,user_892,prod_7,3
order_174,2023-06-28,2023-10-12,crédito,pago,aguardando pagamento,2023-10-01,34600.0,user_59,prod_28,1
order_174,2023-06-28,2023-10-12,crédito,pago,aguardando pagamento,2023-10-01,34600.0,user_59,prod_78,2
order_174,2023-06-28,2023-10-12,crédito,pago,aguardando pagamento,2023-10-01,34600.0,user_59,prod_69,2
order_175,2023-08-20,,,não pago,entregue,2023-06-11,123382.0,user_245,prod_96,3
order_176,2023-08-17,,,pendente,preparando envio,2023-12-13,128283.0,user_621,prod_51,2
order_176,2023-08-17,,,pendente,preparando envio,2023-12-13,128283.0,user_621,prod_95,3
order_177,2023-12-23,,,pendente,enviado,2023-08-30,296661.0,user_28,prod_40,2
order_178,2023-07-20,2023-09-12,crédito,pago,aguardando pagamento,2023-08-23,124538.0,user_316,prod_57,2
order_178,2023-07-20,2023-09-12,crédito,pago,aguardando pagamento,2023-08-23,124538.0,user_316,prod_37,1
order_178,2023-07-20,2023-09-12,crédito,pago,aguardando pagamento,2023-08-23,124538.0,user_316,prod_13,2
order_179,2023-09-03,2023-08-11,boleto,pago,aguardando pagamento,2023-04-11,69737.0,user_665,prod_38,2
order_179,2023-09-03,2023-08-11,boleto,pago,aguardando pagamento,2023-04-11,69737.0,user_665,prod_8,1
order_18,2023-11-24,,,pendente,enviado,2023-04-27,24046.0,user_295,prod_57,3
order_18,2023-11-24,,,pendente,enviado,2023-04-27,24046.0,user_295,prod_74,3
order_18,2023-11-24,,,pendente,enviado,2023-04-27,24046.0,user_295,prod_92,1
order_18,2023-11-24,,,pendente,enviado,2023-04-27,24046.0,user_295,prod_21,2
order_180,2023-08-16,,,não pago,aguardando pagamento,2023-10-04,286294.0,user_252,prod_13,1
order_180,2023-08-16,,,não pago,aguardando pagamento,2023-10-04,286294.0,user_252,prod_65,1
order_180,2023-08-16,,,não pago,aguardando pagamento,2023-10-04,286294.0,user_252,prod_99,2
order_181,2023-05-22,,,pendente,enviado,2023-03-17,292885.0,user_758,prod_63,2
order_182,2023-06-14,,,pendente,aguardando pagamento,2023-05-19,298645.0,user_745,prod_70,2
order_182,2023-06-14,,,pendente,aguardando pagamento,2023-05-19,298645.0,user_745,prod_37,1
order_183,2023-07-15,2023-09-10,boleto,pago,aguardando pagamento,2023-02-17,10532.0,user_135,prod_82,3
order_183,2023-07-15,2023-09-10,boleto,pago,aguardando pagamento,2023-02-17,10532.0,user_135,prod_47,2
order_183,2023-07-15,2023-09-10,boleto,pago,aguardando pagamento,2023-02-17,10532.0,user_135,prod_71,2
order_184,2023-07-30,2023-01-28,crédito,pago,entregue,2023-08-10,46233.0,user_583,prod_61,2
order_184,2023-07-30,2023-01-28,crédito,pago,entregue,2023-08-10,46233.0,user_583,prod_40,1
order_184,2023-07-30,2023-01-28,crédito,pago,entregue,2023-08-10,46233.0,user_583,prod_39,2
order_184,2023-07-30,2023-01-28,crédito,pago,entregue,2023-08-10,46233.0,user_583,prod_84,2
order_185,2023-08-02,,,não pago,aguardando pagamento,2023-01-08,180057.0,user_281,prod_74,3
order_185,2023-08-02,,,não pago,aguardando pagamento,2023-01-08,180057.0,user_281,prod_29,3
order_185,2023-08-02,,,não pago,aguardando pagamento,2023-01-08,180057.0,user_281,prod_75,1
order_186,2023-12-05,2023-02-04,dinheiro,pago,aguardando pagamento,2023-05-21,204093.0,user_450,prod_1,3
order_186,2023-12-05,2023-02-04,dinheiro,pago,aguardando pagamento,2023-05-21,204093.0,user_450,prod_42,3
order_186,2023-12-05,2023-02-04,dinheiro,pago,aguardando pagamento,2023-05-21,204093.0,user_450,prod_4,2
order_187,2023-01-03,,,não pago,aguardando pagamento,2023-06-06,71508.0,user_408,prod_31,2
order_187,2023-01-03,,,não pago,aguardando pagamento,2023-06-06,71508.0,user_408,prod_66,3
order_187,2023-01-03,,,não pago,aguardando pagamento,2023-06-06,71508.0,user_408,prod_61,3
order_187,2023-01-03,,,não pago,aguardando pagamento,2023-06-06,71508.0,user_408,prod_72,3
order_188,2023-11-18,2023-04-03,boleto,pago,preparando envio,2023-02-25,25402.0,user_711,prod_64,3
order_188,2023-11-18,2023-04-03,boleto,pago,preparando envio,2023-02-25,25402.0,user_711,prod_5,3
order_188,2023-11-18,2023-04-03,boleto,pago,preparando envio,2023-02-25,25402.0,user_711,prod_66,2
order_188,2023-11-18,2023-04-03,boleto,pago,preparando envio,2023-02-25,25402.0,user_711,prod_98,2
order_189,2023-01-26,,,não pago,enviado,2023-04-23,33194.0,user_358,prod_98,1
order_189,2023-01-26,,,não pago,enviado,2023-04-23,33194.0,user_358,prod_57,1
order_189,2023-01-26,,,não pago,enviado,2023-04-23,33194.0,user_358,prod_78,1
order_19,2023-08-30,,,não pago,preparando envio,2023-09-26,94227.0,user_187,prod_67,2
order_19,2023-08-30,,,não pago,preparando envio,2023-09-26,94227.0,user_187,prod_41,1
order_19,2023-08-30,,,não pago,preparando envio,2023-09-26,94227.0,user_187,prod_8,1
order_190,2023-03-22,2023-09-07,dinheiro,pago,aguardando pagamento,2023-04-20,294832.0,user_423,prod_83,1
order_190,2023-03-22,2023-09-07,dinheiro,pago,aguardando pagamento,2023-04-20,294832.0,user_423,prod_44,2
order_190,2023-03-22,2023-09-07,dinheiro,pago,aguardando pagamento,2023-04-20,294832.0,user_423,prod_21,3
order_191,2023-07-04,,,pendente,preparando envio,2023-02-04,282286.0,user_870,prod_17,1
order_192,2023-12-08,,,não pago,preparando envio,2023-05-15,163667.0,user_22,prod_83,2
order_192,2023-12-08,,,não pago,preparando envio,2023-05-15,163667.0,user_22,prod_26,3
order_192,2023-12-08,,,não pago,preparando envio,2023-05-15,163667.0,user_22,prod_64,1
order_193,2023-11-17,,,não pago,preparando envio,2023-07-17,21263.0,user_879,prod_44,1
order_194,2023-09-22,,,não pago,aguardando pagamento,2023-07-29,205212.0,user_35,prod_37,2
order_194,2023-09-22,,,não pago,aguardando pagamento,2023-07-29,205212.0,user_35,prod_15,3
order_194,2023-09-22,,,não pago,aguardando pagamento,2023-07-29,205212.0,user_35,prod_39,1
order_195,2023-04-03,,,pendente,enviado,2023-08-10,46139.0,user_244,prod_37,1
order_195,2023-04-03,,,pendente,enviado,2023-08-10,46139.0,user_244,prod_7,2
order_196,2023-04-06,2023-07-16,dinheiro,pago,enviado,2023-05-12,115380.0,user_578,prod_37,2
order_196,2023-04-06,2023-07-16,dinheiro,pago,enviado,2023-05-12,115380.0,user_578,prod_71,3
order_197,2023-05-07,2023-02-09,pix,pago,preparando envio,2023-08-11,28568.0,user_648,prod_60,1
order_198,2023-05-18,,,não pago,aguardando pagamento,2023-05-06,296079.0,user_228,prod_1,2
order_198,2023-05-18,,,não pago,aguardando pagamento,2023-05-06,296079.0,user_228,prod_22,3
order_198,2023-05-18,,,não pago,aguardando pagamento,2023-05-06,296079.0,user_228,prod_60,1
order_198,2023-05-18,,,não pago,aguardando pagamento,2023-05-06,296079.0,user_228,prod_3,3
order_199,2023-10-29,2023-04-17,pix,pago,preparando envio,2023-07-24,173262.0,user_477,prod_92,2
order_199,2023-10-29,2023-04-17,pix,pago,preparando envio,2023-07-24,173262.0,user_477,prod_16,3
order_199,2023-10-29,2023-04-17,pix,pago,preparando envio,2023-07-24,173262.0,user_477,prod_74,3
order_2,2023-04-13,,,não pago,enviado,2023-09-07,178268.0,user_786,prod_24,2
order_2,2023-04-13,,,não pago,enviado,2023-09-07,178268.0,user_786,prod_40,3
order_2,2023-04-13,,,não pago,enviado,2023-09-07,178268.0,user_786,prod_3,1
order_20,2023-05-26,2023-06-04,pix,pago,entregue,2023-07-07,181070.0,user_984,prod_3,3
order_20,2023-05-26,2023-06-04,pix,pago,entregue,2023-07-07,181070.0,user_984,prod_100,3
order_20,2023-05-26,2023-06-04,pix,pago,entregue,2023-07-07,181070.0,user_984,prod_54,1
order_20,2023-05-26,2023-06-04,pix,pago,entregue,2023-07-07,181070.0,user_984,prod_37,3
order_200,2023-05-01,,,não pago,enviado,2023-04-23,165200.0,user_85,prod_30,1
order_201,2023-07-02,,,pendente,entregue,2023-03-22,18060.0,user_729,prod_23,2
order_201,2023-07-02,,,pendente,entregue,2023-03-22,18060.0,user_729,prod_25,2
order_202,2023-02-05,,,pendente,enviado,2023-06-23,194995.0,user_336,prod_17,3
order_202,2023-02-05,,,pendente,enviado,2023-06-23,194995.0,user_336,prod_71,2
order_203,2023-04-12,,,pendente,preparando envio,2023-09-26,211936.0,user_196,prod_47,1
order_203,2023-04-12,,,pendente,preparando envio,2023-09-26,211936.0,user_196,prod_90,1
order_203,2023-04-12,,,pendente,preparando envio,2023-09-26,211936.0,user_196,prod_29,3
order_203,2023-04-12,,,pendente,preparando envio,2023-09-26,211936.0,user_196,prod_80,1
order_204,2023-04-03,2023-07-07,boleto,pago,enviado,2023-12-28,151309.0,user_808,prod_44,3
order_205,2023-05-31,2023-11-09,débito,pago,enviado,2023-07-01,278493.0,user_731,prod_91,2
order_205,2023-05-31,2023-11-09,débito,pago,enviado,2023-07-01,278493.0,user_731,prod_32,3
order_205,2023-05-31,2023-11-09,débito,pago,enviado,2023-07-01,278493.0,user_731,prod_66,3
order_206,2023-01-01,,,não pago,entregue,2023-04-02,174066.0,user_436,prod_76,1
order_207,2023-05-09,2023-03-31,débito,pago,enviado,2023-08-29,192993.0,user_400,prod_5,2
order_208,2023-03-29,,,não pago,enviado,2023-03-28,233268.0,user_892,prod_91,1
order_208,2023-03-29,,,não pago,enviado,2023-03-28,233268.0,user_892,prod_56,1
order_209,2023-12-18,,,não pago,entregue,2023-10-23,141849.0,user_720,prod_66,1
order_21,2023-06-30,,,pendente,enviado,2023-08-06,295062.0,user_80,prod_5,3
order_210,2023-08-27,,,não pago,enviado,2023-04-29,82066.0,user_97,prod_68,1
order_211,2023-01-04,2023-01-19,débito,pago,aguardando pagamento,2023-05-22,111538.0,user_604,prod_86,1
order_211,2023-01-04,2023-01-19,débito,pago,aguardando pagamento,2023-05-22,111538.0,user_604,prod_18,3
order_211,2023-01-04,2023-01-19,débito,pago,aguardando pagamento,2023-05-22,111538.0,user_604,prod_95,3
order_211,2023-01-04,2023-01-19,débito,pago,aguardando pagamento,2023-05-22,111538.0,user_604,prod_29,1
order_212,2023-09-11,,,não pago,aguardando pagamento,2023-04-11,84604.0,user_58,prod_3,1
order_212,2023-09-11,,,não pago,aguardando pagamento,2023-04-11,84604.0,user_58,prod_86,3
order_213,2023-05-30,2023-09-30,dinheiro,pago,aguardando pagamento,2023-01-23,51542.0,user_113,prod_41,2
order_213,2023-05-30,2023-09-30,dinheiro,pago,aguardando pagamento,2023-01-23,51542.0,user_113,prod_71,1
order_214,2023-01-23,2023-07-06,pix,pago,enviado,2023-05-22,218190.0,user_349,prod_16,2
order_214,2023-01-23,2023-07-06,pix,pago,enviado,2023-05-22,218190.0,user_349,prod_2,1
order_214,2023-01-23,2023-07-06,pix,pago,enviado,2023-05-22,218190.0,user_349,prod_11,3
order_214,2023-01-23,2023-07-06,pix,pago,enviado,2023-05-22,218190.0,user_349,prod_87,3
order_215,2023-08-02,,,não pago,preparando envio,2023-06-25,197657.0,user_512,prod_46,1
order_215,2023-08-02,,,não pago,preparando envio,2023-06-25,197657.0,user_512,prod_51,3
order_215,2023-08-02,,,não pago,preparando envio,2023-06-25,197657.0,user_512,prod_65,1
order_216,2023-07-06,2023-04-27,dinheiro,pago,enviado,2023-07-20,197201.0,user_229,prod_20,1
order_216,2023-07-06,2023-04-27,dinheiro,pago,enviado,2023-07-20,197201.0,user_229,prod_71,3
order_217,2023-01-22,2023-11-07,pix,pago,enviado,2023-02-05,273410.0,user_587,prod_20,1
order_217,2023-01-22,2023-11-07,pix,pago,enviado,2023-02-05,273410.0,user_587,prod_1,1
order_218,2023-03-28,,,pendente,enviado,2023-04-13,71082.0,user_554,prod_59,2
order_218,2023-03-28,,,pendente,enviado,2023-04-13,71082.0,user_554,prod_1,2
order_219,2023-12-01,,,pendente,aguardando pagamento,2023-07-26,183939.0,user_629,prod_42,1
order_219,2023-12-01,,,pendente,aguardando pagamento,2023-07-26,183939.0,user_629,prod_5,3
order_22,2023-10-20,,,pendente,entregue,2023-11-07,95032.0,user_828,prod_82,2
order_220,2023-01-29,,,não pago,aguardando pagamento,2023-07-25,63574.0,user_170,prod_88,3
order_220,2023-01-29,,,não pago,aguardando pagamento,2023-07-25,63574.0,user_170,prod_75,3
order_220,2023-01-29,,,não pago,aguardando pagamento,2023-07-25,63574.0,user_170,prod_27,2
order_220,2023-01-29,,,não pago,aguardando pagamento,2023-07-25,63574.0,user_170,prod_16,3
order_221,2023-07-12,,,pendente,entregue,2023-06-19,221554.0,user_378,prod_40,3
order_221,2023-07-12,,,pendente,entregue,2023-06-19,221554.0,user_378,prod_27,3
order_221,2023-07-12,,,pendente,entregue,2023-06-19,221554.0,user_378,prod_48,1
order_222,2023-02-18,2023-05-13,débito,pago,enviado,2023-02-27,218175.0,user_252,prod_42,1
order_222,2023-02-18,2023-05-13,débito,pago,enviado,2023-02-27,218175.0,user_252,prod_66,3
order_222,2023-02-18,2023-05-13,débito,pago,enviado,2023-02-27,218175.0,user_252,prod_97,2
order_223,2023-07-06,,,pendente,entregue,2023-05-21,172528.0,user_773,prod_16,2
order_223,2023-07-06,,,pendente,entregue,2023-05-21,172528.0,user_773,prod_24,3
order_224,2023-05-13,2023-03-21,pix,pago,enviado,2023-05-12,183966.0,user_15,prod_43,1
order_224,2023-05-13,2023-03-21,pix,pago,enviado,2023-05-12,183966.0,user_15,prod_81,3
order_224,2023-05-13,2023-03-21,pix,pago,enviado,2023-05-12,183966.0,user_15,prod_1,2
order_225,2023-08-05,,,não pago,enviado,2023-04-06,73937.0,user_314,prod_47,1
order_225,2023-08-05,,,não pago,enviado,2023-04-06,73937.0,user_314,prod_63,1
order_226,2023-06-16,,,pendente,aguardando pagamento,2023-10-12,188173.0,user_179,prod_21,3
order_226,2023-06-16,,,pendente,aguardando pagamento,2023-10-12,188173.0,user_179,prod_70,3
order_226,2023-06-16,,,pendente,aguardando pagamento,2023-10-12,188173.0,user_179,prod_11,3
order_227,2023-03-03,,,pendente,entregue,2023-07-12,268743.0,user_447,prod_88,3
order_227,2023-03-03,,,pendente,entregue,2023-07-12,268743.0,user_447,prod_10,2
order_227,2023-03-03,,,pendente,entregue,2023-07-12,268743.0,user_447,prod_30,3
order_228,2023-05-04,,,não pago,aguardando pagamento,2023-04-17,160531.0,user_723,prod_2,1
order_228,2023-05-04,,,não pago,aguardando pagamento,2023-04-17,160531.0,user_723,prod_71,3
order_228,2023-05-04,,,não pago,aguardando pagamento,2023-04-17,160531.0,user_723,prod_51,2
order_229,2023-11-26,,,não pago,preparando envio,2023-05-15,175018.0,user_574,prod_16,3
order_229,2023-11-26,,,não pago,preparando envio,2023-05-15,175018.0,user_574,prod_5,2
order_229,2023-11-26,,,não pago,preparando envio,2023-05-15,175018.0,user_574,prod_24,1
order_229,2023-11-26,,,não pago,preparando envio,2023-05-15,175018.0,user_574,prod_76,1
order_23,2023-06-14,,,não pago,entregue,2023-07-31,188925.0,user_34,prod_29,3
order_230,2023-10-14,,,não pago,enviado,2023-05-31,139505.0,user_395,prod_79,2
order_230,2023-10-14,,,não pago,enviado,2023-05-31,139505.0,user_395,prod_45,2
order_231,2023-07-22,,,não pago,enviado,2023-12-26,263014.0,user_60,prod_39,3
order_231,2023-07-22,,,não pago,enviado,2023-12-26,263014.0,user_60,prod_22,3
order_231,2023-07-22,,,não pago,enviado,2023-12-26,263014.0,user_60,prod_56,2
order_232,2023-09-22,,,pendente,entregue,2023-09-22,114289.0,user_725,prod_29,1
order_232,2023-09-22,,,pendente,entregue,2023-09-22,114289.0,user_725,prod_85,2
order_232,2023-09-22,,,pendente,entregue,2023-09-22,114289.0,user_725,prod_57,2
order_232,2023-09-22,,,pendente,entregue,2023-09-22,114289.0,user_725,prod_33,3
order_233,2023-09-01,,,pendente,enviado,2023-08-26,108514.0,user_475,prod_15,3
order_233,2023-09-01,,,pendente,enviado,2023-08-26,108514.0,user_475,prod_70,2
order_233,2023-09-01,,,pendente,enviado,2023-08-26,108514.0,user_475,prod_61,1
order_233,2023-09-01,,,pendente,enviado,2023-08-26,108514.0,user_475,prod_77,1
order_234,2023-08-23,,,não pago,preparando envio,2023-10-17,47762.0,user_664,prod_72,2
order_234,2023-08-23,,,não pago,preparando envio,2023-10-17,47762.0,user_664,prod_9,3
order_234,2023-08-23,,,não pago,preparando envio,2023-10-17,47762.0,user_664,prod_16,3
order_235,2023-03-13,,,não pago,preparando envio,2023-09-02,109128.0,user_643,prod_81,1
order_235,2023-03-13,,,não pago,preparando envio,2023-09-02,109128.0,user_643,prod_48,2
order_235,2023-03-13,,,não pago,preparando envio,2023-09-02,109128.0,user_643,prod_86,2
order_236,2023-11-02,,,pendente,preparando envio,2023-05-13,195890.0,user_198,prod_99,1
order_236,2023-11-02,,,pendente,preparando envio,2023-05-13,195890.0,user_198,prod_45,3
order_236,2023-11-02,,,pendente,preparando envio,2023-05-13,195890.0,user_198,prod_86,2
order_236,2023-11-02,,,pendente,preparando envio,2023-05-13,195890.0,user_198,prod_22,1
order_237,2023-07-12,,,pendente,preparando envio,2023-08-26,182764.0,user_978,prod_97,2
order_238,2023-06-16,2023-11-09,boleto,pago,aguardando pagamento,2023-04-02,10833.0,user_955,prod_4,3
order_238,2023-06-16,2023-11-09,boleto,pago,aguardando pagamento,2023-04-02,10833.0,user_955,prod_65,3
order_239,2023-11-15,,,pendente,aguardando pagamento,2023-05-06,280259.0,user_224,prod_64,3
order_24,2023-06-24,,,pendente,aguardando pagamento,2023-12-25,216479.0,user_390,prod_13,2
order_240,2023-06-16,,,não pago,preparando envio,2023-03-23,19439.0,user_673,prod_14,1
order_240,2023-06-16,,,não pago,preparando envio,2023-03-23,19439.0,user_673,prod_37,2
order_240,2023-06-16,,,não pago,preparando envio,2023-03-23,19439.0,user_673,prod_45,2
order_241,2023-06-01,,,pendente,preparando envio,2023-01-15,268198.0,user_274,prod_99,3
order_242,2023-11-11,2023-06-02,pix,pago,entregue,2023-07-07,56329.0,user_557,prod_11,2
order_242,2023-11-11,2023-06-02,pix,pago,entregue,2023-07-07,56329.0,user_557,prod_69,3
order_242,2023-11-11,2023-06-02,pix,pago,entregue,2023-07-07,56329.0,user_557,prod_8,3
order_242,2023-11-11,2023-06-02,pix,pago,entregue,2023-07-07,56329.0,user_557,prod_74,3
order_243,2023-10-25,2023-03-10,crédito,pago,aguardando pagamento,2023-04-15,235623.0,user_135,prod_90,2
order_243,2023-10-25,2023-03-10,crédito,pago,aguardando pagamento,2023-04-15,235623.0,user_135,prod_17,1
order_244,2023-11-18,2023-05-20,dinheiro,pago,preparando envio,2023-07-09,151107.0,user_48,prod_75,2
order_244,2023-11-18,2023-05-20,dinheiro,pago,preparando envio,2023-07-09,151107.0,user_48,prod_74,2
order_245,2023-01-08,,,pendente,preparando envio,2023-07-12,122967.0,user_530,prod_86,2
order_245,2023-01-08,,,pendente,preparando envio,2023-07-12,122967.0,user_530,prod_21,3
order_245,2023-01-08,,,pendente,preparando envio,2023-07-12,122967.0,user_530,prod_94,3
order_245,2023-01-08,,,pendente,preparando envio,2023-07-12,122967.0,user_530,prod_24,2
order_246,2023-02-20,2023-03-08,boleto,pago,enviado,2023-01-19,164007.0,user_172,prod_6,1
order_246,2023-02-20,2023-03-08,boleto,pago,enviado,2023-01-19,164007.0,user_172,prod_4,2
order_246,2023-02-20,2023-03-08,boleto,pago,enviado,2023-01-19,164007.0,user_172,prod_60,1
order_246,2023-02-20,2023-03-08,boleto,pago,enviado,2023-01-19,164007.0,user_172,prod_9,1
order_247,2023-08-21,,,não pago,preparando envio,2023-11-14,99738.0,user_211,prod_15,2
order_248,2023-10-08,,,pendente,enviado,2023-09-14,271602.0,user_809,prod_42,1
order_248,2023-10-08,,,pendente,enviado,2023-09-14,271602.0,user_809,prod_86,3
order_248,2023-10-08,,,pendente,enviado,2023-09-14,271602.0,user_809,prod_12,3
order_248,2023-10-08,,,pendente,enviado,2023-09-14,271602.0,user_809,prod_100,1
order_249,2023-02-23,2023-10-21,boleto,pago,aguardando pagamento,2023-05-28,122476.0,user_251,prod_13,1
order_249,2023-02-23,2023-10-21,boleto,pago,aguardando pagamento,2023-05-28,122476.0,user_251,prod_83,1
order_249,2023-02-23,2023-10-21,boleto,pago,aguardando pagamento,2023-05-28,122476.0,user_251,prod_3,2
order_249,2023-02-23,2023-10-21,boleto,pago,aguardando pagamento,2023-05-28,122476.0,user_251,prod_35,1
order_25,2023-06-29,2023-10-18,pix,pago,preparando envio,2023-01-01,41084.0,user_373,prod_75,2
order_25,2023-06-29,2023-10-18,pix,pago,preparando envio,2023-01-01,41084.0,user_373,prod_97,2
order_25,2023-06-29,2023-10-18,pix,pago,preparando envio,2023-01-01,41084.0,user_373,prod_46,2
order_25,2023-06-29,2023-10-18,pix,pago,preparando envio,2023-01-01,41084.0,user_373,prod_25,3
order_250,2023-09-24,2023-07-28,crédito,pago,preparando envio,2023-07-24,281739.0,user_777,prod_1,2
order_250,2023-09-24,2023-07-28,crédito,pago,preparando envio,2023-07-24,281739.0,user_777,prod_70,3
order_250,2023-09-24,2023-07-28,crédito,pago,preparando envio,2023-07-24,281739.0,user_777,prod_59,2
order_250,2023-09-24,2023-07-28,crédito,pago,preparando envio,2023-07-24,281739.0,user_777,prod_43,3
order_251,2023-01-09,2023-05-05,dinheiro,pago,enviado,2023-08-01,136996.0,user_497,prod_17,3
order_251,2023-01-09,2023-05-05,dinheiro,pago,enviado,2023-08-01,136996.0,user_497,prod_93,1
order_251,2023-01-09,2023-05-05,dinheiro,pago,enviado,2023-08-01,136996.0,user_497,prod_66,3
order_251,2023-01-09,2023-05-05,dinheiro,pago,enviado,2023-08-01,136996.0,user_497,prod_41,2
order_252,2023-07-03,,,pendente,aguardando pagamento,2023-05-17,49981.0,user_819,prod_9,3
order_252,2023-07-03,,,pendente,aguardando pagamento,2023-05-17,49981.0,user_819,prod_93,1
order_252,2023-07-03,,,pendente,aguardando pagamento,2023-05-17,49981.0,user_819,prod_92,1
order_252,2023-07-03,,,pendente,aguardando pagamento,2023-05-17,49981.0,user_819,prod_29,3
order_253,2023-11-02,,,pendente,preparando envio,2023-09-04,257869.0,user_426,prod_75,2
order_253,2023-11-02,,,pendente,preparando envio,2023-09-04,257869.0,user_426,prod_37,1
order_253,2023-11-02,,,pendente,preparando envio,2023-09-04,257869.0,user_426,prod_38,1
order_253,2023-11-02,,,pendente,preparando envio,2023-09-04,257869.0,user_426,prod_22,1
order_254,2023-02-07,,,pendente,aguardando pagamento,2023-09-29,65180.0,user_898,prod_12,2
order_254,2023-02-07,,,pendente,aguardando pagamento,2023-09-29,65180.0,user_898,prod_68,1
order_255,2023-07-02,2023-07-16,pix,pago,preparando envio,2023-09-02,188475.0,user_816,prod_7,3
order_256,2023-04-13,,,pendente,preparando envio,2023-08-27,86408.0,user_468,prod_84,1
order_257,2023-02-25,,,pendente,enviado,2023-04-11,298617.0,user_408,prod_99,3
order_257,2023-02-25,,,pendente,enviado,2023-04-11,298617.0,user_408,prod_29,3
order_257,2023-02-25,,,pendente,enviado,2023-04-11,298617.0,user_408,prod_50,3
order_257,2023-02-25,,,pendente,enviado,2023-04-11,298617.0,user_408,prod_96,2
order_258,2023-04-22,2023-08-20,boleto,pago,enviado,2023-04-15,140761.0,user_307,prod_59,1
order_258,2023-04-22,2023-08-20,boleto,pago,enviado,2023-04-15,140761.0,user_307,prod_60,3
order_259,2023-07-07,,,não pago,aguardando pagamento,2023-07-13,237025.0,user_621,prod_35,2
order_259,2023-07-07,,,não pago,aguardando pagamento,2023-07-13,237025.0,user_621,prod_36,2
order_259,2023-07-07,,,não pago,aguardando pagamento,2023-07-13,237025.0,user_621,prod_66,2
order_259,2023-07-07,,,não pago,aguardando pagamento,2023-07-13,237025.0,user_621,prod_77,3
order_26,2023-09-03,2023-04-28,boleto,pago,entregue,2023-01-08,157614.0,user_894,prod_42,3
order_26,2023-09-03,2023-04-28,boleto,pago,entregue,2023-01-08,157614.0,user_894,prod_60,2
order_26,2023-09-03,2023-04-28,boleto,pago,entregue,2023-01-08,157614.0,user_894,prod_17,3
order_26,2023-09-03,2023-04-28,boleto,pago,entregue,2023-01-08,157614.0,user_894,prod_12,3
order_260,2023-03-21,,,não pago,aguardando pagamento,2023-03-25,105755.0,user_5,prod_50,2
order_260,2023-03-21,,,não pago,aguardando pagamento,2023-03-25,105755.0,user_5,prod_74,1
order_261,2023-08-01,2023-07-07,dinheiro,pago,enviado,2023-01-30,88162.0,user_862,prod_11,2
order_261,2023-08-01,2023-07-07,dinheiro,pago,enviado,2023-01-30,88162.0,user_862,prod_81,2
order_262,2023-08-16,,,não pago,preparando envio,2023-10-03,238605.0,user_901,prod_20,2
order_262,2023-08-16,,,não pago,preparando envio,2023-10-03,238605.0,user_901,prod_25,3
order_263,2023-05-14,2023-07-25,débito,pago,entregue,2023-07-17,150937.0,user_827,prod_72,1
order_264,2023-09-07,2023-04-23,pix,pago,enviado,2023-06-08,123782.0,user_624,prod_63,2
order_264,2023-09-07,2023-04-23,pix,pago,enviado,2023-06-08,123782.0,user_624,prod_73,1
order_265,2023-08-11,2023-01-30,dinheiro,pago,aguardando pagamento,2023-01-30,91324.0,user_880,prod_13,1
order_265,2023-08-11,2023-01-30,dinheiro,pago,aguardando pagamento,2023-01-30,91324.0,user_880,prod_50,1
order_265,2023-08-11,2023-01-30,dinheiro,pago,aguardando pagamento,2023-01-30,91324.0,user_880,prod_70,2
order_265,2023-08-11,2023-01-30,dinheiro,pago,aguardando pagamento,2023-01-30,91324.0,user_880,prod_21,1
order_266,2023-07-26,,,não pago,preparando envio,2023-12-09,105298.0,user_39,prod_79,1
order_267,2023-02-09,,,não pago,enviado,2023-03-31,218398.0,user_856,prod_74,1
order_267,2023-02-09,,,não pago,enviado,2023-03-31,218398.0,user_856,prod_98,1
order_268,2023-02-21,,,não pago,entregue,2023-04-25,150409.0,user_174,prod_96,3
order_268,2023-02-21,,,não pago,entregue,2023-04-25,150409.0,user_174,prod_2,1
order_268,2023-02-21,,,não pago,entregue,2023-04-25,150409.0,user_174,prod_51,2
order_268,2023-02-21,,,não pago,entregue,2023-04-25,150409.0,user_174,prod_65,3
order_269,2023-02-24,,,não pago,aguardando pagamento,2023-10-04,114083.0,user_239,prod_16,1
order_269,2023-02-24,,,não pago,aguardando pagamento,2023-10-04,114083.0,user_239,prod_7,1
order_27,2023-05-16,,,pendente,enviado,2023-11-11,103962.0,user_967,prod_53,1
order_27,2023-05-16,,,pendente,enviado,2023-11-11,103962.0,user_967,prod_49,3
order_27,2023-05-16,,,pendente,enviado,2023-11-11,103962.0,user_967,prod_92,2
order_27,2023-05-16,,,pendente,enviado,2023-11-11,103962.0,user_967,prod_35,1
order_270,2023-05-23,,,não pago,preparando envio,2023-03-06,116241.0,user_307,prod_48,3
order_271,2023-06-09,,,não pago,aguardando pagamento,2023-08-17,188660.0,user_729,prod_59,2
order_271,2023-06-09,,,não pago,aguardando pagamento,2023-08-17,188660.0,user_729,prod_4,1
order_271,2023-06-09,,,não pago,aguardando pagamento,2023-08-17,188660.0,user_729,prod_80,2
order_271,2023-06-09,,,não pago,aguardando pagamento,2023-08-17,188660.0,user_729,prod_23,2
order_272,2023-06-24,,,não pago,preparando envio,2023-02-06,199468.0,user_488,prod_76,1
order_272,2023-06-24,,,não pago,preparando envio,2023-02-06,199468.0,user_488,prod_47,1
order_273,2023-09-13,,,não pago,entregue,2023-05-29,189673.0,user_240,prod_5,1
order_274,2023-08-20,,,não pago,preparando envio,2023-01-05,98993.0,user_784,prod_84,2
order_274,2023-08-20,,,não pago,preparando envio,2023-01-05,98993.0,user_784,prod_95,3
order_274,2023-08-20,,,não pago,preparando envio,2023-01-05,98993.0,user_784,prod_79,1
order_274,2023-08-20,,,não pago,preparando envio,2023-01-05,98993.0,user_784,prod_87,1
order_275,2023-05-29,,,pendente,enviado,2023-02-06,15378.0,user_873,prod_90,2
order_275,2023-05-29,,,pendente,enviado,2023-02-06,15378.0,user_873,prod_43,2
order_275,2023-05-29,,,pendente,enviado,2023-02-06,15378.0,user_873,prod_17,1
order_275,2023-05-29,,,pendente,enviado,2023-02-06,15378.0,user_873,prod_30,3
order_276,2023-02-22,,,pendente,preparando envio,2023-11-19,40649.0,user_656,prod_63,2
order_276,2023-02-22,,,pendente,preparando envio,2023-11-19,40649.0,user_656,prod_37,2
order_276,2023-02-22,,,pendente,preparando envio,2023-11-19,40649.0,user_656,prod_19,3
order_277,2023-10-16,,,pendente,preparando envio,2023-05-05,197963.0,user_641,prod_16,3
order_278,2023-03-10,,,pendente,aguardando pagamento,2023-02-03,183258.0,user_265,prod_46,1
order_278,2023-03-10,,,pendente,aguardando pagamento,2023-02-03,183258.0,user_265,prod_50,2
order_278,2023-03-10,,,pendente,aguardando pagamento,2023-02-03,183258.0,user_265,prod_21,1
order_279,2023-06-15,,,pendente,enviado,2023-01-12,38813.0,user_610,prod_39,2
order_279,2023-06-15,,,pendente,enviado,2023-01-12,38813.0,user_610,prod_97,1
order_28,2023-08-10,,,pendente,aguardando pagamento,2023-04-06,193357.0,user_839,prod_50,2
order_28,2023-08-10,,,pendente,aguardando pagamento,2023-04-06,193357.0,user_839,prod_79,1
order_28,2023-08-10,,,pendente,aguardando pagamento,2023-04-06,193357.0,user_839,prod_65,1
order_280,2023-06-05,,,não pago,enviado,2023-03-10,128038.0,user_782,prod_8,2
order_281,2023-09-29,,,pendente,entregue,2023-12-13,172784.0,user_421,prod_98,3
order_281,2023-09-29,,,pendente,entregue,2023-12-13,172784.0,user_421,prod_79,2
order_282,2023-07-27,2023-12-03,crédito,pago,preparando envio,2023-03-16,159630.0,user_907,prod_4,1
order_282,2023-07-27,2023-12-03,crédito,pago,preparando envio,2023-03-16,159630.0,user_907,prod_90,1
order_283,2023-04-25,,,não pago,preparando envio,2023-09-11,291691.0,user_851,prod_86,1
order_283,2023-04-25,,,não pago,preparando envio,2023-09-11,291691.0,user_851,prod_39,2
order_284,2023-08-16,2023-05-31,débito,pago,enviado,2023-06-27,159518.0,user_912,prod_46,3
order_285,2023-07-21,,,não pago,entregue,2023-04-12,44349.0,user_851,prod_90,2
order_285,2023-07-21,,,não pago,entregue,2023-04-12,44349.0,user_851,prod_95,2
order_285,2023-07-21,,,não pago,entregue,2023-04-12,44349.0,user_851,prod_2,2
order_285,2023-07-21,,,não pago,entregue,2023-04-12,44349.0,user_851,prod_36,1
order_286,2023-09-04,,,pendente,aguardando pagamento,2023-10-14,238029.0,user_588,prod_84,3
order_286,2023-09-04,,,pendente,aguardando pagamento,2023-10-14,238029.0,user_588,prod_17,3
order_286,2023-09-04,,,pendente,aguardando pagamento,2023-10-14,238029.0,user_588,prod_73,3
order_286,2023-09-04,,,pendente,aguardando pagamento,2023-10-14,238029.0,user_588,prod_19,2
order_287,2023-09-06,,,não pago,preparando envio,2023-02-23,93613.0,user_551,prod_6,1
order_287,2023-09-06,,,não pago,preparando envio,2023-02-23,93613.0,user_551,prod_28,1
order_287,2023-09-06,,,não pago,preparando envio,2023-02-23,93613.0,user_551,prod_26,2
order_288,2023-02-28,,,não pago,enviado,2023-02-20,64224.0,user_380,prod_90,3
order_288,2023-02-28,,,não pago,enviado,2023-02-20,64224.0,user_380,prod_48,1
order_288,2023-02-28,,,não pago,enviado,2023-02-20,64224.0,user_380,prod_87,3
order_289,2023-03-11,2023-09-05,pix,pago,entregue,2023-09-14,157824.0,user_624,prod_76,1
order_289,2023-03-11,2023-09-05,pix,pago,entregue,2023-09-14,157824.0,user_624,prod_67,1
order_289,2023-03-11,2023-09-05,pix,pago,entregue,2023-09-14,157824.0,user_624,prod_82,1
order_29,2023-05-21,,,pendente,preparando envio,2023-09-25,56265.0,user_832,prod_3,3
order_29,2023-05-21,,,pendente,preparando envio,2023-09-25,56265.0,user_832,prod_65,2
order_29,2023-05-21,,,pendente,preparando envio,2023-09-25,56265.0,user_832,prod_73,1
order_290,2023-07-11,2023-06-28,dinheiro,pago,entregue,2023-03-20,168272.0,user_222,prod_84,3
order_291,2023-01-20,,,não pago,enviado,2023-09-17,73917.0,user_762,prod_16,3
order_291,2023-01-20,,,não pago,enviado,2023-09-17,73917.0,user_762,prod_10,2
order_291,2023-01-20,,,não pago,enviado,2023-09-17,73917.0,user_762,prod_57,3
order_292,2023-03-31,,,pendente,enviado,2023-03-11,260540.0,user_447,prod_4,2
order_292,2023-03-31,,,pendente,enviado,2023-03-11,260540.0,user_447,prod_24,2
order_292,2023-03-31,,,pendente,enviado,2023-03-11,260540.0,user_447,prod_36,1
order_293,2023-09-25,2023-01-12,boleto,pago,preparando envio,2023-07-30,117072.0,user_582,prod_42,3
order_294,2023-09-22,2023-05-29,pix,pago,enviado,2023-06-27,284604.0,user_574,prod_87,3
order_294,2023-09-22,2023-05-29,pix,pago,enviado,2023-06-27,284604.0,user_574,prod_33,3
order_294,2023-09-22,2023-05-29,pix,pago,enviado,2023-06-27,284604.0,user_574,prod_34,1
order_295,2023-07-13,2023-08-02,dinheiro,pago,enviado,2023-10-05,39170.0,user_921,prod_83,3
order_296,2023-11-18,2023-11-13,crédito,pago,entregue,2023-11-08,174261.0,user_121,prod_21,3
order_296,2023-11-18,2023-11-13,crédito,pago,entregue,2023-11-08,174261.0,user_121,prod_83,1
order_296,2023-11-18,2023-11-13,crédito,pago,entregue,2023-11-08,174261.0,user_121,prod_81,1
order_296,2023-11-18,2023-11-13,crédito,pago,entregue,2023-11-08,174261.0,user_121,prod_60,1
order_297,2023-05-29,,,não pago,aguardando pagamento,2023-01-19,125014.0,user_442,prod_53,3
order_297,2023-05-29,,,não pago,aguardando pagamento,2023-01-19,125014.0,user_442,prod_40,3
order_298,2023-12-03,2023-04-21,boleto,pago,entregue,2023-02-13,270588.0,user_805,prod_41,2
order_298,2023-12-03,2023-04-21,boleto,pago,entregue,2023-02-13,270588.0,user_805,prod_98,2
order_298,2023-12-03,2023-04-21,boleto,pago,entregue,2023-02-13,270588.0,user_805,prod_17,3
order_298,2023-12-03,2023-04-21,boleto,pago,entregue,2023-02-13,270588.0,user_805,prod_6,1
order_299,2023-09-23,,,pendente,enviado,2023-04-08,243435.0,user_89,prod_48,3
order_299,2023-09-23,,,pendente,enviado,2023-04-08,243435.0,user_89,prod_81,3
order_299,2023-09-23,,,pendente,enviado,2023-04-08,243435.0,user_89,prod_94,2
order_299,2023-09-23,,,pendente,enviado,2023-04-08,243435.0,user_89,prod_63,1
order_3,2023-11-25,2023-06-01,débito,pago,preparando envio,2023-11-08,223551.0,user_378,prod_30,3
order_3,2023-11-25,2023-06-01,débito,pago,preparando envio,2023-11-08,223551.0,user_378,prod_28,2
order_3,2023-11-25,2023-06-01,débito,pago,preparando envio,2023-11-08,223551.0,user_378,prod_51,2
order_30,2023-12-19,,,pendente,preparando envio,2023-10-16,87087.0,user_661,prod_98,2
order_30,2023-12-19,,,pendente,preparando envio,2023-10-16,87087.0,user_661,prod_22,2
order_30,2023-12-19,,,pendente,preparando envio,2023-10-16,87087.0,user_661,prod_82,2
order_300,2023-07-16,,,não pago,enviado,2023-02-07,185995.0,user_888,prod_84,2
order_300,2023-07-16,,,não pago,enviado,2023-02-07,185995.0,user_888,prod_66,3
order_300,2023-07-16,,,não pago,enviado,2023-02-07,185995.0,user_888,prod_99,2
order_31,2023-05-08,2023-04-21,dinheiro,pago,aguardando pagamento,2023-04-10,200741.0,user_748,prod_28,1
order_31,2023-05-08,2023-04-21,dinheiro,pago,aguardando pagamento,2023-04-10,200741.0,user_748,prod_4,3
order_31,2023-05-08,2023-04-21,dinheiro,pago,aguardando pagamento,2023-04-10,200741.0,user_748,prod_16,3
order_31,2023-05-08,2023-04-21,dinheiro,pago,aguardando pagamento,2023-04-10,200741.0,user_748,prod_58,1
order_32,2023-11-26,,,não pago,preparando envio,2023-12-29,160804.0,user_317,prod_7,1
order_33,2023-01-16,,,não pago,preparando envio,2023-04-20,200325.0,user_264,prod_8,3
order_33,2023-01-16,,,não pago,preparando envio,2023-04-20,200325.0,user_264,prod_62,3
order_33,2023-01-16,,,não pago,preparando envio,2023-04-20,200325.0,user_264,prod_100,3
order_34,2023-08-04,,,não pago,aguardando pagamento,2023-01-16,219821.0,user_565,prod_20,2
order_34,2023-08-04,,,não pago,aguardando pagamento,2023-01-16,219821.0,user_565,prod_29,2
order_34,2023-08-04,,,não pago,aguardando pagamento,2023-01-16,219821.0,user_565,prod_84,1
order_35,2023-11-15,2023-01-29,pix,pago,enviado,2023-01-11,12505.0,user_283,prod_89,3
order_36,2023-10-11,,,pendente,enviado,2023-07-28,221978.0,user_523,prod_67,2
order_37,2023-11-10,,,pendente,enviado,2023-06-14,93141.0,user_387,prod_42,3
order_37,2023-11-10,,,pendente,enviado,2023-06-14,93141.0,user_387,prod_53,1
order_37,2023-11-10,,,pendente,enviado,2023-06-14,93141.0,user_387,prod_95,1
order_37,2023-11-10,,,pendente,enviado,2023-06-14,93141.0,user_387,prod_63,2
order_38,2023-05-06,,,não pago,entregue,2023-02-19,243518.0,user_357,prod_28,2
order_39,2023-01-25,,,pendente,preparando envio,2023-12-13,214086.0,user_124,prod_52,1
order_4,2023-10-29,,,pendente,enviado,2023-11-24,200302.0,user_720,prod_78,2
order_4,2023-10-29,,,pendente,enviado,2023-11-24,200302.0,user_720,prod_79,2
order_4,2023-10-29,,,pendente,enviado,2023-11-24,200302.0,user_720,prod_74,3
order_40,2023-02-25,,,pendente,aguardando pagamento,2023-07-27,282522.0,user_399,prod_69,3
order_41,2023-01-21,,,não pago,aguardando pagamento,2023-05-09,269035.0,user_770,prod_18,3
order_41,2023-01-21,,,não pago,aguardando pagamento,2023-05-09,269035.0,user_770,prod_100,3
order_41,2023-01-21,,,não pago,aguardando pagamento,2023-05-09,269035.0,user_770,prod_52,3
order_41,2023-01-21,,,não pago,aguardando pagamento,2023-05-09,269035.0,user_770,prod_98,3
order_42,2023-07-31,2023-03-13,débito,pago,enviado,2023-07-17,117022.0,user_430,prod_66,1
order_42,2023-07-31,2023-03-13,débito,pago,enviado,2023-07-17,117022.0,user_430,prod_12,2
order_43,2023-11-22,,,pendente,entregue,2023-03-21,263979.0,user_261,prod_71,3
order_43,2023-11-22,,,pendente,entregue,2023-03-21,263979.0,user_261,prod_23,1
order_44,2023-08-06,2023-05-23,boleto,pago,preparando envio,2023-07-05,51105.0,user_147,prod_23,2
order_44,2023-08-06,2023-05-23,boleto,pago,preparando envio,2023-07-05,51105.0,user_147,prod_74,3
order_45,2023-12-23,2023-08-21,pix,pago,preparando envio,2023-01-16,189861.0,user_928,prod_18,2
order_45,2023-12-23,2023-08-21,pix,pago,preparando envio,2023-01-16,189861.0,user_928,prod_43,3
order_45,2023-12-23,2023-08-21,pix,pago,preparando envio,2023-01-16,189861.0,user_928,prod_50,2
order_45,2023-12-23,2023-08-21,pix,pago,preparando envio,2023-01-16,189861.0,user_928,prod_25,1
order_46,2023-02-25,,,pendente,preparando envio,2023-01-12,236442.0,user_290,prod_98,1
order_47,2023-01-20,,,não pago,enviado,2023-04-13,296670.0,user_216,prod_52,2
order_48,2023-07-19,,,não pago,preparando envio,2023-07-12,275248.0,user_536,prod_70,1
order_48,2023-07-19,,,não pago,preparando envio,2023-07-12,275248.0,user_536,prod_7,1
order_49,2023-03-28,2023-06-27,débito,pago,preparando envio,2023-09-03,224673.0,user_687,prod_99,1
order_49,2023-03-28,2023-06-27,débito,pago,preparando envio,2023-09-03,224673.0,user_687,prod_24,1
order_5,2023-09-17,,,não pago,entregue,2023-08-09,30611.0,user_457,prod_16,3
order_5,2023-09-17,,,não pago,entregue,2023-08-09,30611.0,user_457,prod_31,3
order_5,2023-09-17,,,não pago,entregue,2023-08-09,30611.0,user_457,prod_13,1
order_5,2023-09-17,,,não pago,entregue,2023-08-09,30611.0,user_457,prod_98,1
order_50,2023-11-24,2023-06-07,dinheiro,pago,entregue,2023-07-01,71295.0,user_531,prod_79,2
order_50,2023-11-24,2023-06-07,dinheiro,pago,entregue,2023-07-01,71295.0,user_531,prod_78,1
order_51,2023-12-06,2023-01-24,crédito,pago,enviado,2023-05-28,225712.0,user_755,prod_94,3
order_51,2023-12-06,2023-01-24,crédito,pago,enviado,2023-05-28,225712.0,user_755,prod_22,1
order_52,2023-12-09,2023-10-30,dinheiro,pago,aguardando pagamento,2023-08-12,57250.0,user_439,prod_10,1
order_52,2023-12-09,2023-10-30,dinheiro,pago,aguardando pagamento,2023-08-12,57250.0,user_439,prod_35,2
order_52,2023-12-09,2023-10-30,dinheiro,pago,aguardando pagamento,2023-08-12,57250.0,user_439,prod_100,2
order_52,2023-12-09,2023-10-30,dinheiro,pago,aguardando pagamento,2023-08-12,57250.0,user_439,prod_70,1
order_53,2023-01-03,,,pendente,entregue,2023-07-27,281486.0,user_696,prod_52,3
order_53,2023-01-03,,,pendente,entregue,2023-07-27,281486.0,user_696,prod_83,3
order_54,2023-02-09,,,pendente,preparando envio,2023-04-21,176551.0,user_616,prod_27,2
order_54,2023-02-09,,,pendente,preparando envio,2023-04-21,176551.0,user_616,prod_26,2
order_54,2023-02-09,,,pendente,preparando envio,2023-04-21,176551.0,user_616,prod_94,3
order_54,2023-02-09,,,pendente,preparando envio,2023-04-21,176551.0,user_616,prod_58,1
order_55,2023-05-23,,,não pago,enviado,2023-08-29,261084.0,user_260,prod_62,2
order_56,2023-03-20,,,não pago,aguardando pagamento,2023-08-20,151025.0,user_483,prod_86,2
order_56,2023-03-20,,,não pago,aguardando pagamento,2023-08-20,151025.0,user_483,prod_73,3
order_56,2023-03-20,,,não pago,aguardando pagamento,2023-08-20,151025.0,user_483,prod_31,3
order_56,2023-03-20,,,não pago,aguardando pagamento,2023-08-20,151025.0,user_483,prod_95,1
order_57,2023-04-22,,,não pago,preparando envio,2023-07-07,141937.0,user_43,prod_58,1
order_58,2023-12-04,,,não pago,aguardando pagamento,2023-09-29,206693.0,user_619,prod_44,3
order_58,2023-12-04,,,não pago,aguardando pagamento,2023-09-29,206693.0,user_619,prod_40,3
order_58,2023-12-04,,,não pago,aguardando pagamento,2023-09-29,206693.0,user_619,prod_62,3
order_59,2023-11-11,,,pendente,aguardando pagamento,2023-10-05,174392.0,user_860,prod_69,1
order_59,2023-11-11,,,pendente,aguardando pagamento,2023-10-05,174392.0,user_860,prod_51,3
order_6,2023-08-02,,,pendente,aguardando pagamento,2023-11-17,59221.0,user_396,prod_68,3
order_60,2023-02-18,2023-06-07,pix,pago,preparando envio,2023-04-20,295073.0,user_253,prod_23,2
order_60,2023-02-18,2023-06-07,pix,pago,preparando envio,2023-04-20,295073.0,user_253,prod_92,2
order_61,2023-06-28,2023-06-08,crédito,pago,entregue,2023-06-17,64271.0,user_613,prod_87,1
order_61,2023-06-28,2023-06-08,crédito,pago,entregue,2023-06-17,64271.0,user_613,prod_40,2
order_62,2023-02-23,2023-04-24,pix,pago,enviado,2023-05-25,209797.0,user_102,prod_23,1
order_62,2023-02-23,2023-04-24,pix,pago,enviado,2023-05-25,209797.0,user_102,prod_35,1
order_62,2023-02-23,2023-04-24,pix,pago,enviado,2023-05-25,209797.0,user_102,prod_53,1
order_62,2023-02-23,2023-04-24,pix,pago,enviado,2023-05-25,209797.0,user_102,prod_41,2
order_63,2023-12-10,2023-08-22,dinheiro,pago,enviado,2023-05-19,126958.0,user_307,prod_10,2
order_63,2023-12-10,2023-08-22,dinheiro,pago,enviado,2023-05-19,126958.0,user_307,prod_64,2
order_63,2023-12-10,2023-08-22,dinheiro,pago,enviado,2023-05-19,126958.0,user_307,prod_3,1
order_63,2023-12-10,2023-08-22,dinheiro,pago,enviado,2023-05-19,126958.0,user_307,prod_5,3
order_64,2023-04-03,,,pendente,enviado,2023-07-05,89117.0,user_675,prod_92,1
order_65,2023-04-07,,,pendente,entregue,2023-04-03,223123.0,user_390,prod_77,3
order_65,2023-04-07,,,pendente,entregue,2023-04-03,223123.0,user_390,prod_96,1
order_65,2023-04-07,,,pendente,entregue,2023-04-03,223123.0,user_390,prod_70,2
order_66,2023-04-29,,,não pago,preparando envio,2023-11-12,159644.0,user_715,prod_12,1
order_66,2023-04-29,,,não pago,preparando envio,2023-11-12,159644.0,user_715,prod_4,1
order_66,2023-04-29,,,não pago,preparando envio,2023-11-12,159644.0,user_715,prod_46,1
order_66,2023-04-29,,,não pago,preparando envio,2023-11-12,159644.0,user_715,prod_34,3
order_67,2023-11-26,2023-11-13,dinheiro,pago,entregue,2023-04-12,222132.0,user_220,prod_42,3
order_67,2023-11-26,2023-11-13,dinheiro,pago,entregue,2023-04-12,222132.0,user_220,prod_8,3
order_67,2023-11-26,2023-11-13,dinheiro,pago,entregue,2023-04-12,222132.0,user_220,prod_77,3
order_67,2023-11-26,2023-11-13,dinheiro,pago,entregue,2023-04-12,222132.0,user_220,prod_35,3
order_68,2023-06-05,,,pendente,preparando envio,2023-11-30,244994.0,user_930,prod_67,1
order_68,2023-06-05,,,pendente,preparando envio,2023-11-30,244994.0,user_930,prod_78,3
order_68,2023-06-05,,,pendente,preparando envio,2023-11-30,244994.0,user_930,prod_15,3
order_69,2023-06-13,,,não pago,enviado,2023-08-08,281161.0,user_767,prod_58,3
order_69,2023-06-13,,,não pago,enviado,2023-08-08,281161.0,user_767,prod_16,2
order_69,2023-06-13,,,não pago,enviado,2023-08-08,281161.0,user_767,prod_36,3
order_69,2023-06-13,,,não pago,enviado,2023-08-08,281161.0,user_767,prod_30,1
order_7,2023-03-17,,,pendente,entregue,2023-01-28,272504.0,user_923,prod_9,3
order_7,2023-03-17,,,pendente,entregue,2023-01-28,272504.0,user_923,prod_58,3
order_70,2023-01-02,,,pendente,entregue,2023-06-30,89703.0,user_605,prod_81,2
order_71,2023-04-07,,,não pago,aguardando pagamento,2023-11-15,239585.0,user_330,prod_71,2
order_72,2023-05-18,,,pendente,entregue,2023-11-24,137461.0,user_352,prod_46,1
order_72,2023-05-18,,,pendente,entregue,2023-11-24,137461.0,user_352,prod_60,1
order_72,2023-05-18,,,pendente,entregue,2023-11-24,137461.0,user_352,prod_19,2
order_73,2023-05-15,2023-04-05,dinheiro,pago,aguardando pagamento,2023-07-20,186126.0,user_131,prod_68,1
order_73,2023-05-15,2023-04-05,dinheiro,pago,aguardando pagamento,2023-07-20,186126.0,user_131,prod_91,3
order_74,2023-08-12,,,não pago,aguardando pagamento,2023-07-12,213153.0,user_974,prod_31,2
order_74,2023-08-12,,,não pago,aguardando pagamento,2023-07-12,213153.0,user_974,prod_46,2
order_74,2023-08-12,,,não pago,aguardando pagamento,2023-07-12,213153.0,user_974,prod_44,3
order_75,2023-07-23,2023-01-03,dinheiro,pago,aguardando pagamento,2023-02-26,161400.0,user_803,prod_17,3
order_75,2023-07-23,2023-01-03,dinheiro,pago,aguardando pagamento,2023-02-26,161400.0,user_803,prod_60,2
order_75,2023-07-23,2023-01-03,dinheiro,pago,aguardando pagamento,2023-02-26,161400.0,user_803,prod_64,3
order_76,2023-12-04,2023-08-07,pix,pago,aguardando pagamento,2023-05-11,154471.0,user_665,prod_97,3
order_77,2023-07-06,,,pendente,aguardando pagamento,2023-02-15,162413.0,user_264,prod_22,2
order_77,2023-07-06,,,pendente,aguardando pagamento,2023-02-15,162413.0,user_264,prod_46,2
order_78,2023-12-04,,,pendente,entregue,2023-12-22,155075.0,user_107,prod_3,2
order_78,2023-12-04,,,pendente,entregue,2023-12-22,155075.0,user_107,prod_11,1
order_79,2023-04-09,,,não pago,entregue,2023-07-31,256902.0,user_18,prod_81,2
order_79,2023-04-09,,,não pago,entregue,2023-07-31,256902.0,user_18,prod_17,1
order_79,2023-04-09,,,não pago,entregue,2023-07-31,256902.0,user_18,prod_86,2
order_79,2023-04-09,,,não pago,entregue,2023-07-31,256902.0,user_18,prod_25,2
order_8,2023-02-15,,,pendente,entregue,2023-04-26,122229.0,user_794,prod_32,2
order_8,2023-02-15,,,pendente,entregue,2023-04-26,122229.0,user_794,prod_7,2
order_8,2023-02-15,,,pendente,entregue,2023-04-26,122229.0,user_794,prod_70,1
order_80,2023-04-28,,,não pago,enviado,2023-01-20,247469.0,user_872,prod_24,3
order_80,2023-04-28,,,não pago,enviado,2023-01-20,247469.0,user_872,prod_46,3
order_80,2023-04-28,,,não pago,enviado,2023-01-20,247469.0,user_872,prod_33,2
order_80,2023-04-28,,,não pago,enviado,2023-01-20,247469.0,user_872,prod_26,2
order_81,2023-05-01,,,não pago,enviado,2023-04-16,162248.0,user_5,prod_26,2
order_81,2023-05-01,,,não pago,enviado,2023-04-16,162248.0,user_5,prod_48,2
order_81,2023-05-01,,,não pago,enviado,2023-04-16,162248.0,user_5,prod_34,1
order_82,2023-10-27,2023-02-16,pix,pago,preparando envio,2023-04-29,161044.0,user_277,prod_82,2
order_82,2023-10-27,2023-02-16,pix,pago,preparando envio,2023-04-29,161044.0,user_277,prod_93,2
order_83,2023-12-14,2023-04-04,pix,pago,enviado,2023-11-28,138794.0,user_168,prod_87,3
order_83,2023-12-14,2023-04-04,pix,pago,enviado,2023-11-28,138794.0,user_168,prod_44,1
order_83,2023-12-14,2023-04-04,pix,pago,enviado,2023-11-28,138794.0,user_168,prod_6,3
order_84,2023-01-13,,,não pago,aguardando pagamento,2023-09-17,283194.0,user_325,prod_15,2
order_85,2023-12-04,2023-02-12,crédito,pago,entregue,2023-01-17,264182.0,user_967,prod_3,3
order_85,2023-12-04,2023-02-12,crédito,pago,entregue,2023-01-17,264182.0,user_967,prod_42,2
order_86,2023-07-19,,,não pago,aguardando pagamento,2023-09-21,65116.0,user_264,prod_100,2
order_86,2023-07-19,,,não pago,aguardando pagamento,2023-09-21,65116.0,user_264,prod_63,2
order_86,2023-07-19,,,não pago,aguardando pagamento,2023-09-21,65116.0,user_264,prod_46,1
order_87,2023-12-01,,,pendente,preparando envio,2023-11-19,93534.0,user_14,prod_82,3
order_88,2023-11-17,,,não pago,entregue,2023-11-16,65834.0,user_871,prod_11,2
order_88,2023-11-17,,,não pago,entregue,2023-11-16,65834.0,user_871,prod_42,3
order_89,2023-09-28,,,pendente,enviado,2023-11-10,279661.0,user_482,prod_63,2
order_89,2023-09-28,,,pendente,enviado,2023-11-10,279661.0,user_482,prod_83,3
order_89,2023-09-28,,,pendente,enviado,2023-11-10,279661.0,user_482,prod_56,2
order_9,2023-03-20,,,pendente,enviado,2023-06-10,140597.0,user_375,prod_52,3
order_90,2023-11-13,,,pendente,enviado,2023-06-17,24914.0,user_662,prod_29,3
order_91,2023-03-09,,,não pago,entregue,2023-06-24,177995.0,user_361,prod_77,2
order_92,2023-07-22,,,pendente,preparando envio,2023-03-05,23834.0,user_492,prod_44,2
order_92,2023-07-22,,,pendente,preparando envio,2023-03-05,23834.0,user_492,prod_78,1
order_93,2023-03-16,,,pendente,enviado,2023-12-25,164725.0,user_836,prod_99,2
order_93,2023-03-16,,,pendente,enviado,2023-12-25,164725.0,user_836,prod_8,2
order_93,2023-03-16,,,pendente,enviado,2023-12-25,164725.0,user_836,prod_49,1
order_93,2023-03-16,,,pendente,enviado,2023-12-25,164725.0,user_836,prod_96,1
order_94,2023-12-30,,,não pago,entregue,2023-05-03,18592.0,user_744,prod_63,3
order_94,2023-12-30,,,não pago,entregue,2023-05-03,18592.0,user_744,prod_45,1
order_95,2023-02-03,2023-05-06,dinheiro,pago,preparando envio,2023-01-18,83268.0,user_393,prod_2,3
order_95,2023-02-03,2023-05-06,dinheiro,pago,preparando envio,2023-01-18,83268.0,user_393,prod_32,3
order_95,2023-02-03,2023-05-06,dinheiro,pago,preparando envio,2023-01-18,83268.0,user_393,prod_72,1
order_95,2023-02-03,2023-05-06,dinheiro,pago,preparando envio,2023-01-18,83268.0,user_393,prod_52,1
order_96,2023-06-12,,,pendente,entregue,2023-03-28,288418.0,user_301,prod_46,3
order_96,2023-06-12,,,pendente,entregue,2023-03-28,288418.0,user_301,prod_79,1
order_97,2023-07-17,,,não pago,preparando envio,2023-03-01,260758.0,user_883,prod_12,1
order_98,2023-08-10,2023-07-31,pix,pago,entregue,2023-09-26,258118.0,user_897,prod_21,3
order_98,2023-08-10,2023-07-31,pix,pago,entregue,2023-09-26,258118.0,user_897,prod_32,3
order_99,2023-12-01,,,não pago,entregue,2023-10-16,222880.0,user_363,prod_77,2
